<?xml version="1.0" encoding="UTF-8"?>
<project-private xmlns="http://www.netbeans.org/ns/project-private/1">
    <editor-bookmarks xmlns="http://www.netbeans.org/ns/editor-bookmarks/2" lastBookmarkId="0"/>
    <open-files xmlns="http://www.netbeans.org/ns/projectui-open-files/2">
        <group>
            <file>file:/home/micheal/NetBeansProjects/ConnectFour_Micheal_Luong/src/connectfour_micheal_luong/Player.java</file>
            <file>file:/home/micheal/NetBeansProjects/ConnectFour_Micheal_Luong/src/connectfour_micheal_luong/Counters.java</file>
            <file>file:/home/micheal/NetBeansProjects/ConnectFour_Micheal_Luong/src/connectfour_micheal_luong/Interaction.java</file>
            <file>file:/home/micheal/NetBeansProjects/ConnectFour_Micheal_Luong/src/connectfour_micheal_luong/Sound.java</file>
            <file>file:/home/micheal/NetBeansProjects/ConnectFour_Micheal_Luong/src/connectfour_micheal_luong/DisplayBoard.java</file>
            <file>file:/home/micheal/NetBeansProjects/ConnectFour_Micheal_Luong/src/connectfour_micheal_luong/GamePlay.java</file>
            <file>file:/home/micheal/NetBeansProjects/ConnectFour_Micheal_Luong/src/connectfour_micheal_luong/AnsiAndTextColor.java</file>
            <file>file:/home/micheal/NetBeansProjects/ConnectFour_Micheal_Luong/src/connectfour_micheal_luong/ConnectFour_Micheal_Luong.java</file>
            <file>file:/home/micheal/NetBeansProjects/ConnectFour_Micheal_Luong/src/connectfour_micheal_luong/Computer.java</file>
        </group>
    </open-files>
</project-private>
