<?xml version="1.0" encoding="UTF-8"?>
<project-private xmlns="http://www.netbeans.org/ns/project-private/1">
    <editor-bookmarks xmlns="http://www.netbeans.org/ns/editor-bookmarks/2" lastBookmarkId="0"/>
    <open-files xmlns="http://www.netbeans.org/ns/projectui-open-files/2">
        <group>
            <file>file:/home/micheal/NetBeansProjects/CryptoZoo_Micheal_Luong/src/cryptozoo_micheal_luong/LingerLing.java</file>
            <file>file:/home/micheal/NetBeansProjects/CryptoZoo_Micheal_Luong/src/cryptozoo_micheal_luong/FossilRelative.java</file>
            <file>file:/home/micheal/NetBeansProjects/CryptoZoo_Micheal_Luong/src/cryptozoo_micheal_luong/Paranormal.java</file>
            <file>file:/home/micheal/NetBeansProjects/CryptoZoo_Micheal_Luong/src/cryptozoo_micheal_luong/Animal.java</file>
            <file>file:/home/micheal/NetBeansProjects/CryptoZoo_Micheal_Luong/src/cryptozoo_micheal_luong/ZooAnimal.java</file>
            <file>file:/home/micheal/NetBeansProjects/CryptoZoo_Micheal_Luong/src/cryptozoo_micheal_luong/CryptoZoo_Micheal_Luong.java</file>
            <file>file:/home/micheal/NetBeansProjects/CryptoZoo_Micheal_Luong/src/cryptozoo_micheal_luong/Zoo.java</file>
            <file>file:/home/micheal/NetBeansProjects/CryptoZoo_Micheal_Luong/src/cryptozoo_micheal_luong/Mythical.java</file>
        </group>
    </open-files>
</project-private>
