<?xml version="1.0" encoding="UTF-8"?>
<project-private xmlns="http://www.netbeans.org/ns/project-private/1">
    <editor-bookmarks xmlns="http://www.netbeans.org/ns/editor-bookmarks/2" lastBookmarkId="0"/>
    <open-files xmlns="http://www.netbeans.org/ns/projectui-open-files/2">
        <group>
            <file>file:/C:/Users/mluong0836/Desktop/CryptoZoo_Micheal_Luong/src/cryptozoo_micheal_luong/LingerLing.java</file>
            <file>file:/C:/Users/mluong0836/Desktop/CryptoZoo_Micheal_Luong/src/cryptozoo_micheal_luong/Paranormal.java</file>
        </group>
    </open-files>
</project-private>
