<?xml version="1.0" encoding="UTF-8"?>
<project-private xmlns="http://www.netbeans.org/ns/project-private/1">
    <editor-bookmarks xmlns="http://www.netbeans.org/ns/editor-bookmarks/2" lastBookmarkId="0"/>
    <open-files xmlns="http://www.netbeans.org/ns/projectui-open-files/2">
        <group>
            <file>file:/C:/Users/rcasti3/Documents/NetBeansProjects/KB_Mover_A1/src/slickex/GameWorld.java</file>
            <file>file:/C:/Users/rcasti3/Documents/NetBeansProjects/KB_Mover_A1/src/slickex/Engine.java</file>
        </group>
    </open-files>
</project-private>
