<?xml version="1.0" encoding="UTF-8"?>
<project-private xmlns="http://www.netbeans.org/ns/project-private/1">
    <editor-bookmarks xmlns="http://www.netbeans.org/ns/editor-bookmarks/2" lastBookmarkId="0"/>
    <open-files xmlns="http://www.netbeans.org/ns/projectui-open-files/2">
        <group>
            <file>file:/home/micheal/NetBeansProjects/MazeSearch_Micheal_Luong_Part2/src/mazesearch_micheal_luong_part2/MazeSearch_Micheal_Luong_Part2.java</file>
            <file>file:/home/micheal/NetBeansProjects/MazeSearch_Micheal_Luong_Part2/src/mazesearch_micheal_luong_part2/Maze.java</file>
        </group>
    </open-files>
</project-private>
