<?xml version="1.0" encoding="UTF-8"?>
<project-private xmlns="http://www.netbeans.org/ns/project-private/1">
    <editor-bookmarks xmlns="http://www.netbeans.org/ns/editor-bookmarks/2" lastBookmarkId="0"/>
    <open-files xmlns="http://www.netbeans.org/ns/projectui-open-files/2">
        <group>
            <file>file:/home/micheal/Downloads/Connect4_Micheal_Luong/src/connect4_micheal_luong/Player.java</file>
            <file>file:/home/micheal/Downloads/Connect4_Micheal_Luong/src/connect4_micheal_luong/Sound.java</file>
            <file>file:/home/micheal/Downloads/Connect4_Micheal_Luong/src/connect4_micheal_luong/AnsiArt.java</file>
            <file>file:/home/micheal/Downloads/Connect4_Micheal_Luong/src/connect4_micheal_luong/Connect4_Micheal_Luong.java</file>
            <file>file:/home/micheal/Downloads/Connect4_Micheal_Luong/src/connect4_micheal_luong/Computer.java</file>
            <file>file:/home/micheal/Downloads/Connect4_Micheal_Luong/src/connect4_micheal_luong/Grid.java</file>
        </group>
    </open-files>
</project-private>
