<?xml version="1.0" encoding="UTF-8"?>
<project-private xmlns="http://www.netbeans.org/ns/project-private/1">
    <editor-bookmarks xmlns="http://www.netbeans.org/ns/editor-bookmarks/2" lastBookmarkId="0"/>
    <open-files xmlns="http://www.netbeans.org/ns/projectui-open-files/2">
        <group>
            <file>file:/home/micheal/NetBeansProjects/LinkedList_Micheal_Luong/src/linkedlist_micheal_luong/LinkedList_Micheal_Luong.java</file>
            <file>file:/home/micheal/NetBeansProjects/LinkedList_Micheal_Luong/src/linkedlist_micheal_luong/Node.java</file>
            <file>file:/home/micheal/NetBeansProjects/LinkedList_Micheal_Luong/src/linkedlist_micheal_luong/Character.java</file>
            <file>file:/home/micheal/NetBeansProjects/LinkedList_Micheal_Luong/src/linkedlist_micheal_luong/LinkedList.java</file>
        </group>
    </open-files>
</project-private>
